id,name,imageStatus,missingPrice,missingIngredients,missingMethod,missingCategoryOrMeal
"1","Phở bò tái","placeholder","false","true","false","false"
"2","Phở bò chín","placeholder","false","true","false","false"
"3","Phở bò tái nạm","placeholder","false","true","false","false"
"4","Phở gà","placeholder","false","true","false","false"
"5","Phở sốt vang","placeholder","false","true","false","false"
"6","Bún bò Huế","placeholder","false","true","false","false"
"7","Bún riêu cua","placeholder","false","true","false","false"
"8","Bún mọc","placeholder","false","true","false","false"
"9","Bún dọc mùng","placeholder","false","true","false","false"
"10","Bún cá","placeholder","false","true","false","false"
"11","Bún cá rô đồng","placeholder","false","true","false","false"
"12","Bún ốc","verified-photo","false","true","false","false"
"13","Bún thang","placeholder","false","true","false","false"
"14","Bún ngan","placeholder","false","true","false","false"
"15","Bún vịt","placeholder","false","true","false","false"
"16","Bún chả","placeholder","false","true","false","false"
"17","Bún thịt nướng","placeholder","false","true","false","false"
"18","Bún nem nướng","placeholder","false","true","false","false"
"19","Bún mắm","verified-photo","false","true","false","false"
"20","Bún quậy","placeholder","false","true","false","false"
"21","Miến gà","verified-photo","false","true","false","false"
"22","Miến lươn","placeholder","false","true","false","false"
"23","Miến ngan","placeholder","false","true","false","false"
"24","Miến cua","placeholder","false","true","false","false"
"25","Miến xào lòng gà","placeholder","false","true","false","false"
"26","Cháo lòng","verified-photo","false","true","false","false"
"27","Cháo gà","placeholder","false","true","false","false"
"28","Cháo vịt","placeholder","false","true","false","false"
"29","Cháo sườn","placeholder","false","true","false","false"
"30","Cháo trai","placeholder","false","true","false","false"
"31","Cháo lươn","placeholder","false","true","false","false"
"32","Bánh cuốn nóng","placeholder","false","true","false","false"
"33","Bánh cuốn chả quế","placeholder","false","true","false","false"
"34","Bánh cuốn trứng","placeholder","false","true","false","false"
"35","Bánh ướt lòng gà","placeholder","false","true","false","false"
"36","Bánh mì trứng","placeholder","false","true","false","false"
"37","Bánh mì pate","placeholder","false","true","false","false"
"38","Bánh mì thịt nướng","placeholder","false","true","false","false"
"39","Bánh mì chả lụa","placeholder","false","true","false","false"
"40","Bánh mì xíu mại","placeholder","false","true","false","false"
"41","Bánh mì bò kho","placeholder","false","true","false","false"
"42","Xôi xéo","placeholder","false","true","false","false"
"43","Xôi gấc","placeholder","false","true","false","false"
"44","Xôi đỗ xanh","placeholder","false","true","false","false"
"45","Xôi lạc","placeholder","false","true","false","false"
"46","Xôi mặn","placeholder","false","true","false","false"
"47","Xôi gà","placeholder","false","true","false","false"
"48","Xôi thịt kho","placeholder","false","true","false","false"
"49","Xôi pate","placeholder","false","true","false","false"
"50","Bánh giò","verified-photo","false","true","false","false"
"51","Bánh bao nhân thịt","placeholder","false","true","false","false"
"52","Bánh khúc","placeholder","false","true","false","false"
"53","Bánh đúc nóng","placeholder","false","true","false","false"
"54","Bánh đa cua","placeholder","false","true","false","false"
"55","Bánh canh cua","placeholder","false","true","false","false"
"56","Bánh canh giò heo","placeholder","false","true","false","false"
"57","Bánh canh cá lóc","placeholder","false","true","false","false"
"58","Hủ tiếu Nam Vang","placeholder","false","true","false","false"
"59","Hủ tiếu bò kho","placeholder","false","true","false","false"
"60","Cơm tấm sườn","placeholder","false","true","false","false"
"61","Cơm tấm sườn bì chả","verified-photo","false","true","false","false"
"62","Cơm rang trứng","placeholder","false","true","false","false"
"63","Cơm rang dưa bò","placeholder","false","true","false","false"
"64","Cơm rang thập cẩm","placeholder","false","true","false","false"
"65","Canh rau ngót thịt bằm,Canh","placeholder","false","false","false","false"
"66","Canh bí xanh nấu thịt bằm,Canh","placeholder","false","false","false","false"
"67","Canh bí đỏ nấu xương,Canh","placeholder","false","false","false","false"
"68","Canh cải xanh nấu thịt,Canh","placeholder","false","false","false","false"
"69","Canh cải cúc thịt bằm,Canh","placeholder","false","false","false","false"
"70","Canh mồng tơi nấu cua,Canh","placeholder","false","false","false","false"
"71","Canh rau đay cua đồng,Canh","placeholder","false","false","false","false"
"72","Canh khoai mỡ,Canh","placeholder","false","false","false","false"
"73","Canh chua cá lóc,Canh","placeholder","false","false","false","false"
"74","Canh chua cá diêu hồng,Canh","placeholder","false","false","false","false"
"75","Canh chua tôm,Canh","placeholder","false","false","false","false"
"76","Canh ngao nấu chua,Canh","placeholder","false","false","false","false"
"77","Canh hến nấu khế,Canh","placeholder","false","false","false","false"
"78","Canh cua rau đay mồng tơi,Canh","placeholder","false","false","false","false"
"79","Canh bầu nấu tôm,Canh","placeholder","false","false","false","false"
"80","Canh mướp nấu lạc,Canh","placeholder","false","false","false","false"
"81","Canh mướp nấu tôm,Canh","placeholder","false","false","false","false"
"82","Canh khoai sọ nấu xương,Canh","placeholder","false","false","false","false"
"83","Canh dưa chua nấu sườn,Canh","placeholder","false","false","false","false"
"84","Canh dưa chua nấu cá,Canh","placeholder","false","false","false","false"
"85","Canh cà chua trứng,Canh","placeholder","false","false","false","false"
"86","Canh rong biển thịt bằm kiểu Việt,Canh","placeholder","false","false","false","false"
"87","Canh củ quả hầm xương,Canh","placeholder","false","false","false","false"
"88","Canh su su nấu thịt,Canh","placeholder","false","false","false","false"
"89","Canh rau dền nấu tôm,Canh","placeholder","false","false","false","false"
"90","Cơm tấm sườn nướng","placeholder","false","false","false","false"
"91","Cơm gà Hội An","placeholder","false","false","false","false"
"92","Cơm gà xối mỡ","placeholder","false","false","false","false"
"93","Cơm gà luộc","placeholder","false","false","false","false"
"94","Cơm gà rang","placeholder","false","false","false","false"
"95","Cơm sườn nướng","placeholder","false","false","false","false"
"96","Cơm sườn chua ngọt","placeholder","false","false","false","false"
"97","Cơm cá kho","placeholder","false","false","false","false"
"98","Cơm cá chiên","placeholder","false","false","false","false"
"99","Cơm bò lúc lắc","placeholder","false","false","false","false"
"100","Cơm bò xào hành","placeholder","false","false","false","false"
"101","Cơm rang hải sản","placeholder","false","false","false","false"
"102","Cơm rang cá mặn","placeholder","false","false","false","false"
"103","Cơm rang kim chi kiểu Việt","placeholder","false","false","false","false"
"104","Cơm âm phủ","placeholder","false","false","false","false"
"105","Cơm hến Huế","placeholder","false","false","false","false"
"106","Cơm lam gà nướng","placeholder","false","false","false","false"
"107","Cơm niêu cá kho","placeholder","false","false","false","false"
"108","Cơm niêu thịt kho","placeholder","false","false","false","false"
"109","Cơm cháy kho quẹt","placeholder","false","false","false","false"
"110","Cơm cháy chà bông","placeholder","false","false","false","false"
"111","Cao lầu Hội An","placeholder","false","false","false","false"
"112","Mì Quảng gà","placeholder","false","false","false","false"
"113","Mì Quảng tôm thịt","placeholder","false","false","false","false"
"114","Mì Quảng ếch","placeholder","false","false","false","false"
"115","Bánh tráng cuốn thịt heo","placeholder","false","false","false","false"
"116","Bê thui Cầu Mống","placeholder","false","false","false","false"
"117","Gỏi cá Nam Ô","placeholder","false","false","false","false"
"118","Bún chả cá Đà Nẵng","placeholder","false","false","false","false"
"119","Bún mắm nêm Đà Nẵng","placeholder","false","false","false","false"
"120","Bún hến Huế","placeholder","false","false","false","false"
"121","Bánh bèo Huế","placeholder","false","false","false","false"
"122","Bánh nậm Huế","placeholder","false","false","false","false"
"123","Bánh lọc Huế","placeholder","false","false","false","false"
"124","Nem lụi Huế","placeholder","false","false","false","false"
"125","Cơm âm phủ Huế","placeholder","false","false","false","false"
"126","Chè bắp Huế","placeholder","false","false","false","false"
"127","Chè hạt sen Huế","placeholder","false","false","false","false"
"128","Bún cá Nha Trang","placeholder","false","false","false","false"
"129","Nem nướng Nha Trang","placeholder","false","false","false","false"
"130","Bánh căn Nha Trang","placeholder","false","false","false","false"
"131","Bánh canh chả cá Nha Trang","placeholder","false","false","false","false"
"132","Gỏi cá mai","placeholder","false","false","false","false"
"133","Bánh xèo miền Trung","placeholder","false","false","false","false"
"134","Mì Quảng Phú Chiêm","placeholder","false","false","false","false"
"135","Bún sứa Nha Trang","placeholder","false","false","false","false"
"136","Bánh hỏi lòng heo Phú Yên","placeholder","false","false","false","false"
"137","Mắt cá ngừ đại dương hầm thuốc bắc","placeholder","false","false","false","false"
"138","Bánh canh hẹ Phú Yên","placeholder","false","false","false","false"
"139","Bún cá Quy Nhơn","placeholder","false","false","false","false"
"140","Bánh hỏi cháo lòng","placeholder","false","false","false","false"
"141","Chả ram tôm đất","placeholder","false","false","false","false"
"142","Bánh xèo tôm nhảy","placeholder","false","false","false","false"
"143","Tré Bình Định","placeholder","false","false","false","false"
"144","Bún rạm Phù Mỹ","placeholder","false","false","false","false"
"145","Cơm gà Phan Rang","placeholder","false","false","false","false"
"146","Bánh căn Phan Rang","placeholder","false","false","false","false"
"147","Bánh canh chả cá Phan Rang","placeholder","false","false","false","false"
"148","Gỏi cá trích Phú Quốc","placeholder","false","false","false","false"
"149","Bún quậy Phú Quốc","placeholder","false","false","false","false"
"150","Bún kèn Phú Quốc","placeholder","false","false","false","false"
"151","Bánh canh ghẹ","placeholder","false","false","false","false"
"152","Bánh khọt Vũng Tàu","placeholder","false","false","false","false"
"153","Lẩu cá đuối Vũng Tàu","placeholder","false","false","false","false"
"154","Hủ tiếu Mỹ Tho","placeholder","false","false","false","false"
"155","Hủ tiếu Sa Đéc","placeholder","false","false","false","false"
"156","Bánh tằm bì","placeholder","false","false","false","false"
"157","Bún nước lèo Sóc Trăng","placeholder","false","false","false","false"
"158","Bún mắm miền Tây","placeholder","false","false","false","false"
"159","Lẩu mắm","placeholder","false","false","false","false"
"160","Cá lóc nướng trui","placeholder","false","false","false","false"
"161","Chuột đồng quay lu","placeholder","false","false","false","false"
"162","Gà đốt Ô Thum","placeholder","false","false","false","false"
"163","Bánh cống Sóc Trăng","placeholder","false","false","false","false"
"164","Bánh pía","placeholder","false","false","false","false"
"165","Bánh bò thốt nốt","placeholder","false","false","false","false"
"166","Cơm cháy Ninh Bình","placeholder","false","false","false","false"
"167","Dê tái chanh Ninh Bình","placeholder","false","false","false","false"
"168","Dê hấp tía tô","placeholder","false","false","false","false"
"169","Dê xào lăn","placeholder","false","false","false","false"
"170","Miến lươn Nghệ An","placeholder","false","false","false","false"
"171","Cháo lươn Nghệ An","placeholder","false","false","false","false"
"172","Súp lươn Nghệ An","placeholder","false","false","false","false"
"173","Bánh mướt Nghệ An","placeholder","false","false","false","false"
"174","Nhút Thanh Chương","placeholder","false","false","false","false"
"175","Ram bánh mướt","placeholder","false","false","false","false"
"176","Bánh đa cua Hải Phòng","placeholder","false","false","false","false"
"177","Bánh mì que Hải Phòng","placeholder","false","false","false","false"
"178","Nem cua bể","placeholder","false","false","false","false"
"179","Bún cá cay Hải Phòng","placeholder","false","false","false","false"
"180","Chả chìa Hạ Lũng","placeholder","false","false","false","false"
"181","Bánh cuốn Cao Bằng","placeholder","false","false","false","false"
"182","Phở chua Cao Bằng","placeholder","false","false","false","false"
"183","Vịt quay lá mắc mật","placeholder","false","false","false","false"
"184","Khâu nhục Lạng Sơn","placeholder","false","false","false","false"
"185","Bánh cuốn trứng Lạng Sơn","placeholder","false","false","false","false"
"186","Phở chua Lạng Sơn","placeholder","false","false","false","false"
"187","Thịt trâu gác bếp","placeholder","false","false","false","false"
"188","Pa pỉnh tộp","placeholder","false","false","false","false"
"189","Nậm pịa","placeholder","false","false","false","false"
"190","Xôi ngũ sắc","placeholder","false","false","false","false"
"191","Cơm lam Tây Bắc","placeholder","false","false","false","false"
"192","Lợn cắp nách quay","placeholder","false","false","false","false"
"193","Gà nướng mắc khén","placeholder","false","false","false","false"
"194","Cá suối nướng","placeholder","false","false","false","false"
"195","Măng chua nấu cá","placeholder","false","false","false","false"
"196","Thắng cố","verified-photo","false","false","false","false"
"197","Phở Hà Giang","placeholder","false","false","false","false"
"198","Cháo ấu tẩu","placeholder","false","false","false","false"
"199","Bánh cuốn chan Hà Giang","placeholder","false","false","false","false"
"200","Bún chả Hà Nội","placeholder","false","false","false","false"
"201","Phở bò Hà Nội","placeholder","false","false","false","false"
"202","Bún thang Hà Nội","placeholder","false","false","false","false"
"203","Chả cá Lã Vọng","placeholder","false","false","false","false"
"204","Bánh tôm Hồ Tây","placeholder","false","false","false","false"
"205","Bún ốc nguội","placeholder","false","false","false","false"
"206","Bún riêu cua Hà Nội","placeholder","false","false","false","false"
"207","Bánh cuốn Thanh Trì","placeholder","false","false","false","false"
"208","Xôi xéo Hà Nội","placeholder","false","false","false","false"
"209","Cháo sườn Hà Nội","placeholder","false","false","false","false"
"210","Bún đậu mắm tôm","placeholder","false","false","false","false"
"211","Nem Phùng","placeholder","false","false","false","false"
"212","Cá kho làng Vũ Đại","placeholder","false","false","false","false"
"213","Bánh cuốn Phủ Lý","placeholder","false","false","false","false"
"214","Bún cá rô đồng Hà Nam","placeholder","false","false","false","false"
"215","Bánh đa kê","placeholder","false","false","false","false"
"216","Bánh gai Hải Dương","placeholder","false","false","false","false"
"217","Bánh đậu xanh Hải Dương","placeholder","false","false","false","false"
"218","Nem chua rán","placeholder","false","true","false","false"
"219","Khoai tây chiên bơ tỏi","placeholder","false","true","false","false"
"220","Khoai lang kén","placeholder","false","true","false","false"
"221","Khoai lang chiên","placeholder","false","true","false","false"
"222","Ngô chiên","placeholder","false","true","false","false"
"223","Ngô xào tép","placeholder","false","true","false","false"
"224","Cút lộn xào me","placeholder","false","true","false","false"
"225","Trứng cút nướng","placeholder","false","true","false","false"
"226","Trứng gà nướng","placeholder","false","true","false","false"
"227","Bánh tráng trộn","placeholder","false","true","false","false"
"228","Bánh tráng nướng","placeholder","false","true","false","false"
"229","Bánh tráng cuốn bơ","placeholder","false","true","false","false"
"230","Gỏi cuốn tôm thịt","placeholder","false","true","false","false"
"231","Bò bía","placeholder","false","true","false","false"
"232","Phá lấu","placeholder","false","true","false","false"
"233","Súp cua","placeholder","false","true","false","false"
"234","Súp gà","placeholder","false","true","false","false"
"235","Chân gà sả tắc","placeholder","false","true","false","false"
"236","Chân gà nướng","placeholder","false","true","false","false"
"237","Cánh gà chiên mắm","placeholder","false","true","false","false"
"238","Cá viên chiên","placeholder","false","true","false","false"
"239","Bò viên chiên","placeholder","false","true","false","false"
"240","Chả cá chiên","placeholder","false","true","false","false"
"241","Nem nướng","placeholder","false","true","false","false"
"242","Nem chua","placeholder","false","true","false","false"
"243","Chả cốm","placeholder","false","true","false","false"
"244","Chả mực","placeholder","false","true","false","false"
"245","Bánh rán mặn","placeholder","false","true","false","false"
"246","Bánh rán ngọt","placeholder","false","true","false","false"
"247","Bánh cam","placeholder","false","true","false","false"
"248","Bánh tiêu","verified-photo","false","true","false","false"
"249","Bánh bò","placeholder","false","true","false","false"
"250","Bánh da lợn","placeholder","false","true","false","false"
"251","Bánh chuối hấp","placeholder","false","true","false","false"
"252","Bánh chuối nướng","placeholder","false","true","false","false"
"253","Bánh khoai","placeholder","false","true","false","false"
"254","Bánh đúc lạc","placeholder","false","true","false","false"
"255","Bánh gai","placeholder","false","true","false","false"
"256","Bánh phu thê","placeholder","false","true","false","false"
"257","Bánh cốm","placeholder","false","true","false","false"
"258","Bánh xu xê","placeholder","false","true","false","false"
"259","Chè đậu đen","placeholder","false","true","false","false"
"260","Chè đậu xanh","placeholder","false","true","false","false"
"261","Chè đậu đỏ","placeholder","false","true","false","false"
"262","Chè bưởi","placeholder","false","true","false","false"
"263","Chè thái","placeholder","false","true","false","false"
"264","Chè khúc bạch","placeholder","false","true","false","false"
"265","Chè trôi nước","placeholder","false","true","false","false"
"266","Chè bà ba","placeholder","false","true","false","false"
"267","Chè kho","placeholder","false","true","false","false"
"268","Chè ngô","placeholder","false","true","false","false"
"269","Chè sen long nhãn","placeholder","false","true","false","false"
"270","Chè hạt sen","placeholder","false","true","false","false"
"271","Chè sương sa hạt lựu","placeholder","false","true","false","false"
"272","Chè chuối","placeholder","false","true","false","false"
"273","Tào phớ","placeholder","false","true","false","false"
"274","Sữa chua nếp cẩm","placeholder","false","true","false","false"
"275","Sữa chua mít","placeholder","false","true","false","false"
"276","Hoa quả dầm","placeholder","false","true","false","false"
"277","Ba chỉ kho tiêu","placeholder","false","false","false","false"
"278","Ba chỉ kho gừng","placeholder","false","false","false","false"
"279","Ba chỉ kho nghệ","placeholder","false","false","false","false"
"280","Ba chỉ kho riềng","placeholder","false","false","false","false"
"281","Ba chỉ kho nước dừa","placeholder","false","false","false","false"
"282","Ba chỉ rim mặn ngọt","placeholder","false","false","false","false"
"283","Ba chỉ rim nước mắm","placeholder","false","false","false","false"
"284","Ba chỉ xào sả ớt","placeholder","false","false","false","false"
"285","Ba chỉ xào hành tây","placeholder","false","false","false","false"
"286","Ba chỉ xào cần tỏi","placeholder","false","false","false","false"
"287","Ba chỉ xào rau củ","placeholder","false","false","false","false"
"288","Ba chỉ xào chua ngọt","placeholder","false","false","false","false"
"289","Ba chỉ xào lăn","placeholder","false","false","false","false"
"290","Ba chỉ chiên nước mắm","placeholder","false","false","false","false"
"291","Ba chỉ chiên giòn","placeholder","false","false","false","false"
"292","Ba chỉ rán lá lốt","placeholder","false","false","false","false"
"293","Ba chỉ chiên sả","placeholder","false","false","false","false"
"294","Ba chỉ rán vàng","placeholder","false","false","false","false"
"295","Ba chỉ hấp gừng","placeholder","false","false","false","false"
"296","Ba chỉ hấp sả","placeholder","false","false","false","false"
"297","Ba chỉ hấp hành","placeholder","false","false","false","false"
"298","Ba chỉ luộc gừng","placeholder","false","false","false","false"
"299","Ba chỉ luộc chấm mắm gừng","placeholder","false","false","false","false"
"300","Ba chỉ nướng sả ớt","placeholder","false","false","false","false"
"301","Ba chỉ nướng mật ong","placeholder","false","false","false","false"
"302","Ba chỉ nướng riềng mẻ","placeholder","false","false","false","false"
"303","Ba chỉ nướng muối ớt","placeholder","false","false","false","false"
"304","Ba chỉ nướng lá chanh","placeholder","false","false","false","false"
"305","Nạc vai kho tiêu","placeholder","false","false","false","false"
"306","Nạc vai kho gừng","placeholder","false","false","false","false"
"307","Nạc vai kho nghệ","placeholder","false","false","false","false"
"308","Nạc vai kho riềng","placeholder","false","false","false","false"
"309","Nạc vai kho nước dừa","placeholder","false","false","false","false"
"310","Nạc vai rim mặn ngọt","placeholder","false","false","false","false"
"311","Nạc vai rim nước mắm","placeholder","false","false","false","false"
"312","Nạc vai xào sả ớt","placeholder","false","false","false","false"
"313","Nạc vai xào hành tây","placeholder","false","false","false","false"
"314","Nạc vai xào cần tỏi","placeholder","false","false","false","false"
"315","Nạc vai xào rau củ","placeholder","false","false","false","false"
"316","Nạc vai xào chua ngọt","placeholder","false","false","false","false"
"317","Nạc vai xào lăn","placeholder","false","false","false","false"
"318","Nạc vai chiên nước mắm","placeholder","false","false","false","false"
"319","Nạc vai chiên giòn","placeholder","false","false","false","false"
"320","Nạc vai rán lá lốt","placeholder","false","false","false","false"
"321","Nạc vai chiên sả","placeholder","false","false","false","false"
"322","Nạc vai rán vàng","placeholder","false","false","false","false"
"323","Nạc vai hấp gừng","placeholder","false","false","false","false"
"324","Nạc vai hấp sả","placeholder","false","false","false","false"
"325","Nạc vai hấp hành","placeholder","false","false","false","false"
"326","Nạc vai luộc gừng","placeholder","false","false","false","false"
"327","Nạc vai luộc chấm mắm gừng","placeholder","false","false","false","false"
"328","Nạc vai nướng sả ớt","placeholder","false","false","false","false"
"329","Nạc vai nướng mật ong","placeholder","false","false","false","false"
"330","Nạc vai nướng riềng mẻ","placeholder","false","false","false","false"
"331","Nạc vai nướng muối ớt","placeholder","false","false","false","false"
"332","Nạc vai nướng lá chanh","placeholder","false","false","false","false"
"333","Sườn non kho tiêu","placeholder","false","false","false","false"
"334","Sườn non kho gừng","placeholder","false","false","false","false"
"335","Sườn non kho nghệ","placeholder","false","false","false","false"
"336","Sườn non kho riềng","placeholder","false","false","false","false"
"337","Sườn non kho nước dừa","placeholder","false","false","false","false"
"338","Sườn non rim mặn ngọt","placeholder","false","false","false","false"
"339","Sườn non rim nước mắm","placeholder","false","false","false","false"
"340","Sườn non xào sả ớt","placeholder","false","false","false","false"
"341","Sườn non xào hành tây","placeholder","false","false","false","false"
"342","Sườn non xào cần tỏi","placeholder","false","false","false","false"
"343","Sườn non xào rau củ","placeholder","false","false","false","false"
"344","Sườn non xào chua ngọt","placeholder","false","false","false","false"
"345","Sườn non xào lăn","placeholder","false","false","false","false"
"346","Sườn non chiên nước mắm","placeholder","false","false","false","false"
"347","Sườn non chiên giòn","placeholder","false","false","false","false"
"348","Sườn non rán lá lốt","placeholder","false","false","false","false"
"349","Sườn non chiên sả","placeholder","false","false","false","false"
"350","Sườn non rán vàng","placeholder","false","false","false","false"
"351","Sườn non hấp gừng","placeholder","false","false","false","false"
"352","Sườn non hấp sả","placeholder","false","false","false","false"
"353","Sườn non hấp hành","placeholder","false","false","false","false"
"354","Sườn non luộc gừng","placeholder","false","false","false","false"
"355","Sườn non luộc chấm mắm gừng","placeholder","false","false","false","false"
"356","Sườn non nướng sả ớt","placeholder","false","false","false","false"
"357","Sườn non nướng mật ong","placeholder","false","false","false","false"
"358","Sườn non nướng riềng mẻ","placeholder","false","false","false","false"
"359","Sườn non nướng muối ớt","placeholder","false","false","false","false"
"360","Sườn non nướng lá chanh","placeholder","false","false","false","false"
"361","Thịt bằm kho tiêu","placeholder","false","false","false","false"
"362","Thịt bằm kho gừng","placeholder","false","false","false","false"
"363","Thịt bằm kho nghệ","placeholder","false","false","false","false"
"364","Thịt bằm kho riềng","placeholder","false","false","false","false"
"365","Thịt bằm kho nước dừa","placeholder","false","false","false","false"
"366","Thịt bằm rim mặn ngọt","placeholder","false","false","false","false"
"367","Thịt bằm rim nước mắm","placeholder","false","false","false","false"
"368","Thịt bằm xào sả ớt","placeholder","false","false","false","false"
"369","Thịt bằm xào hành tây","placeholder","false","false","false","false"
"370","Thịt bằm xào cần tỏi","placeholder","false","false","false","false"
"371","Thịt bằm xào rau củ","placeholder","false","false","false","false"
"372","Thịt bằm xào chua ngọt","placeholder","false","false","false","false"
"373","Thịt bằm xào lăn","placeholder","false","false","false","false"
"374","Thịt bằm chiên nước mắm","placeholder","false","false","false","false"
"375","Thịt bằm chiên giòn","placeholder","false","false","false","false"
"376","Thịt bằm rán lá lốt","placeholder","false","false","false","false"
"377","Thịt bằm chiên sả","placeholder","false","false","false","false"
"378","Thịt bằm rán vàng","placeholder","false","false","false","false"
"379","Thịt bằm hấp gừng","placeholder","false","false","false","false"
"380","Thịt bằm hấp sả","placeholder","false","false","false","false"
"381","Thịt bằm hấp hành","placeholder","false","false","false","false"
"382","Thịt bằm luộc gừng","placeholder","false","false","false","false"
"383","Thịt bằm luộc chấm mắm gừng","placeholder","false","false","false","false"
"384","Thịt bằm nướng sả ớt","placeholder","false","false","false","false"
"385","Thịt bằm nướng mật ong","placeholder","false","false","false","false"
"386","Thịt bằm nướng riềng mẻ","placeholder","false","false","false","false"
"387","Thịt bằm nướng muối ớt","placeholder","false","false","false","false"
"388","Thịt bằm nướng lá chanh","placeholder","false","false","false","false"
"389","Chân giò kho tiêu","placeholder","false","false","false","false"
"390","Chân giò kho gừng","placeholder","false","false","false","false"
"391","Chân giò kho nghệ","placeholder","false","false","false","false"
"392","Chân giò kho riềng","placeholder","false","false","false","false"
"393","Chân giò kho nước dừa","placeholder","false","false","false","false"
"394","Chân giò rim mặn ngọt","placeholder","false","false","false","false"
"395","Chân giò rim nước mắm","placeholder","false","false","false","false"
"396","Chân giò xào sả ớt","placeholder","false","false","false","false"
"397","Chân giò xào hành tây","placeholder","false","false","false","false"
"398","Chân giò xào cần tỏi","placeholder","false","false","false","false"
"399","Chân giò xào rau củ","placeholder","false","false","false","false"
"400","Chân giò xào chua ngọt","placeholder","false","false","false","false"
"401","Chân giò xào lăn","placeholder","false","false","false","false"
"402","Chân giò chiên nước mắm","placeholder","false","false","false","false"
"403","Chân giò chiên giòn","placeholder","false","false","false","false"
"404","Chân giò rán lá lốt","placeholder","false","false","false","false"
"405","Chân giò chiên sả","placeholder","false","false","false","false"
"406","Chân giò rán vàng","placeholder","false","false","false","false"
"407","Chân giò hấp gừng","placeholder","false","false","false","false"
"408","Chân giò hấp sả","placeholder","false","false","false","false"
"409","Chân giò hấp hành","placeholder","false","false","false","false"
"410","Chân giò luộc gừng","placeholder","false","false","false","false"
"411","Chân giò luộc chấm mắm gừng","placeholder","false","false","false","false"
"412","Chân giò nướng sả ớt","placeholder","false","false","false","false"
"413","Chân giò nướng mật ong","placeholder","false","false","false","false"
"414","Chân giò nướng riềng mẻ","placeholder","false","false","false","false"
"415","Chân giò nướng muối ớt","placeholder","false","false","false","false"
"416","Chân giò nướng lá chanh","placeholder","false","false","false","false"
"417","Tai heo kho tiêu","placeholder","false","false","false","false"
"418","Tai heo kho gừng","placeholder","false","false","false","false"
"419","Tai heo kho nghệ","placeholder","false","false","false","false"
"420","Tai heo kho riềng","placeholder","false","false","false","false"
"421","Tai heo kho nước dừa","placeholder","false","false","false","false"
"422","Tai heo rim mặn ngọt","placeholder","false","false","false","false"
"423","Tai heo rim nước mắm","placeholder","false","false","false","false"
"424","Tai heo xào sả ớt","placeholder","false","false","false","false"
"425","Tai heo xào hành tây","placeholder","false","false","false","false"
"426","Tai heo xào cần tỏi","placeholder","false","false","false","false"
"427","Tai heo xào rau củ","placeholder","false","false","false","false"
"428","Tai heo xào chua ngọt","placeholder","false","false","false","false"
"429","Tai heo xào lăn","placeholder","false","false","false","false"
"430","Tai heo chiên nước mắm","placeholder","false","false","false","false"
"431","Tai heo chiên giòn","placeholder","false","false","false","false"
"432","Tai heo rán lá lốt","placeholder","false","false","false","false"
"433","Tai heo chiên sả","placeholder","false","false","false","false"
"434","Tai heo rán vàng","placeholder","false","false","false","false"
"435","Tai heo hấp gừng","placeholder","false","false","false","false"
"436","Tai heo hấp sả","placeholder","false","false","false","false"
"437","Tai heo hấp hành","placeholder","false","false","false","false"
"438","Tai heo luộc gừng","placeholder","false","false","false","false"
"439","Tai heo luộc chấm mắm gừng","placeholder","false","false","false","false"
"440","Tai heo nướng sả ớt","placeholder","false","false","false","false"
"441","Tai heo nướng mật ong","placeholder","false","false","false","false"
"442","Tai heo nướng riềng mẻ","placeholder","false","false","false","false"
"443","Tai heo nướng muối ớt","placeholder","false","false","false","false"
"444","Tai heo nướng lá chanh","placeholder","false","false","false","false"
"445","Lòng heo kho tiêu","placeholder","false","false","false","false"
"446","Lòng heo kho gừng","placeholder","false","false","false","false"
"447","Lòng heo kho nghệ","placeholder","false","false","false","false"
"448","Lòng heo kho riềng","placeholder","false","false","false","false"
"449","Lòng heo kho nước dừa","placeholder","false","false","false","false"
"450","Lòng heo rim mặn ngọt","placeholder","false","false","false","false"
"451","Lòng heo rim nước mắm","placeholder","false","false","false","false"
"452","Lòng heo xào sả ớt","placeholder","false","false","false","false"
"453","Lòng heo xào hành tây","placeholder","false","false","false","false"
"454","Lòng heo xào cần tỏi","placeholder","false","false","false","false"
"455","Lòng heo xào rau củ","placeholder","false","false","false","false"
"456","Lòng heo xào chua ngọt","placeholder","false","false","false","false"
"457","Lòng heo xào lăn","placeholder","false","false","false","false"
"458","Lòng heo chiên nước mắm","placeholder","false","false","false","false"
"459","Lòng heo chiên giòn","placeholder","false","false","false","false"
"460","Lòng heo rán lá lốt","placeholder","false","false","false","false"
"461","Lòng heo chiên sả","placeholder","false","false","false","false"
"462","Lòng heo rán vàng","placeholder","false","false","false","false"
"463","Lòng heo hấp gừng","placeholder","false","false","false","false"
"464","Lòng heo hấp sả","placeholder","false","false","false","false"
"465","Lòng heo hấp hành","placeholder","false","false","false","false"
"466","Lòng heo luộc gừng","placeholder","false","false","false","false"
"467","Lòng heo luộc chấm mắm gừng","placeholder","false","false","false","false"
"468","Lòng heo nướng sả ớt","placeholder","false","false","false","false"
"469","Lòng heo nướng mật ong","placeholder","false","false","false","false"
"470","Lòng heo nướng riềng mẻ","placeholder","false","false","false","false"
"471","Lòng heo nướng muối ớt","placeholder","false","false","false","false"
"472","Lòng heo nướng lá chanh","placeholder","false","false","false","false"
"473","Bò thăn kho tiêu","placeholder","false","false","false","false"
"474","Bò thăn kho gừng","placeholder","false","false","false","false"
"475","Bò thăn kho nghệ","placeholder","false","false","false","false"
"476","Bò thăn kho riềng","placeholder","false","false","false","false"
"477","Bò thăn kho nước dừa","placeholder","false","false","false","false"
"478","Bò thăn rim mặn ngọt","placeholder","false","false","false","false"
"479","Bò thăn rim nước mắm","placeholder","false","false","false","false"
"480","Bò thăn xào sả ớt","placeholder","false","false","false","false"
"481","Bò thăn xào hành tây","placeholder","false","false","false","false"
"482","Bò thăn xào cần tỏi","placeholder","false","false","false","false"
"483","Bò thăn xào rau củ","placeholder","false","false","false","false"
"484","Bò thăn xào chua ngọt","placeholder","false","false","false","false"
"485","Bò thăn xào lăn","placeholder","false","false","false","false"
"486","Bò thăn chiên nước mắm","placeholder","false","false","false","false"
"487","Bò thăn chiên giòn","placeholder","false","false","false","false"
"488","Bò thăn rán lá lốt","placeholder","false","false","false","false"
"489","Bò thăn chiên sả","placeholder","false","false","false","false"
"490","Bò thăn rán vàng","placeholder","false","false","false","false"
"491","Bò thăn hấp gừng","placeholder","false","false","false","false"
"492","Bò thăn hấp sả","placeholder","false","false","false","false"
"493","Bò thăn hấp hành","placeholder","false","false","false","false"
"494","Bò thăn luộc gừng","placeholder","false","false","false","false"
"495","Bò thăn luộc chấm mắm gừng","placeholder","false","false","false","false"
"496","Bò thăn nướng sả ớt","placeholder","false","false","false","false"
"497","Bò thăn nướng mật ong","placeholder","false","false","false","false"
"498","Bò thăn nướng riềng mẻ","placeholder","false","false","false","false"
"499","Bò thăn nướng muối ớt","placeholder","false","false","false","false"
"500","Bò thăn nướng lá chanh","placeholder","false","false","false","false"
"501","Bắp bò kho tiêu","placeholder","false","false","false","false"
"502","Bắp bò kho gừng","placeholder","false","false","false","false"
"503","Bắp bò kho nghệ","placeholder","false","false","false","false"
"504","Bắp bò kho riềng","placeholder","false","false","false","false"
"505","Bắp bò kho nước dừa","placeholder","false","false","false","false"
"506","Bắp bò rim mặn ngọt","placeholder","false","false","false","false"
"507","Bắp bò rim nước mắm","placeholder","false","false","false","false"
"508","Bắp bò xào sả ớt","placeholder","false","false","false","false"
"509","Bắp bò xào hành tây","placeholder","false","false","false","false"
"510","Bắp bò xào cần tỏi","placeholder","false","false","false","false"
"511","Bắp bò xào rau củ","placeholder","false","false","false","false"
"512","Bắp bò xào chua ngọt","placeholder","false","false","false","false"
"513","Bắp bò xào lăn","placeholder","false","false","false","false"
"514","Bắp bò chiên nước mắm","placeholder","false","false","false","false"
"515","Bắp bò chiên giòn","placeholder","false","false","false","false"
"516","Bắp bò rán lá lốt","placeholder","false","false","false","false"
"517","Bắp bò chiên sả","placeholder","false","false","false","false"
"518","Bắp bò rán vàng","placeholder","false","false","false","false"
"519","Bắp bò hấp gừng","placeholder","false","false","false","false"
"520","Bắp bò hấp sả","placeholder","false","false","false","false"
"521","Bắp bò hấp hành","placeholder","false","false","false","false"
"522","Bắp bò luộc gừng","placeholder","false","false","false","false"
"523","Bắp bò luộc chấm mắm gừng","placeholder","false","false","false","false"
"524","Bắp bò nướng sả ớt","placeholder","false","false","false","false"
"525","Bắp bò nướng mật ong","placeholder","false","false","false","false"
"526","Bắp bò nướng riềng mẻ","placeholder","false","false","false","false"
"527","Bắp bò nướng muối ớt","placeholder","false","false","false","false"
"528","Bắp bò nướng lá chanh","placeholder","false","false","false","false"
"529","Gân bò kho tiêu","placeholder","false","false","false","false"
"530","Gân bò kho gừng","placeholder","false","false","false","false"
"531","Gân bò kho nghệ","placeholder","false","false","false","false"
"532","Gân bò kho riềng","placeholder","false","false","false","false"
"533","Gân bò kho nước dừa","placeholder","false","false","false","false"
"534","Gân bò rim mặn ngọt","placeholder","false","false","false","false"
"535","Gân bò rim nước mắm","placeholder","false","false","false","false"
"536","Gân bò xào sả ớt","placeholder","false","false","false","false"
"537","Gân bò xào hành tây","placeholder","false","false","false","false"
"538","Gân bò xào cần tỏi","placeholder","false","false","false","false"
"539","Gân bò xào rau củ","placeholder","false","false","false","false"
"540","Gân bò xào chua ngọt","placeholder","false","false","false","false"
"541","Gân bò xào lăn","placeholder","false","false","false","false"
"542","Gân bò chiên nước mắm","placeholder","false","false","false","false"
"543","Gân bò chiên giòn","placeholder","false","false","false","false"
"544","Gân bò rán lá lốt","placeholder","false","false","false","false"
"545","Gân bò chiên sả","placeholder","false","false","false","false"
"546","Gân bò rán vàng","placeholder","false","false","false","false"
"547","Gân bò hấp gừng","placeholder","false","false","false","false"
"548","Gân bò hấp sả","placeholder","false","false","false","false"
"549","Gân bò hấp hành","placeholder","false","false","false","false"
"550","Gân bò luộc gừng","placeholder","false","false","false","false"
"551","Gân bò luộc chấm mắm gừng","placeholder","false","false","false","false"
"552","Gân bò nướng sả ớt","placeholder","false","false","false","false"
"553","Gân bò nướng mật ong","placeholder","false","false","false","false"
"554","Gân bò nướng riềng mẻ","placeholder","false","false","false","false"
"555","Gân bò nướng muối ớt","placeholder","false","false","false","false"
"556","Gân bò nướng lá chanh","placeholder","false","false","false","false"
"557","Đuôi bò kho tiêu","placeholder","false","false","false","false"
"558","Đuôi bò kho gừng","placeholder","false","false","false","false"
"559","Đuôi bò kho nghệ","placeholder","false","false","false","false"
"560","Đuôi bò kho riềng","placeholder","false","false","false","false"
"561","Đuôi bò kho nước dừa","placeholder","false","false","false","false"
"562","Đuôi bò rim mặn ngọt","placeholder","false","false","false","false"
"563","Đuôi bò rim nước mắm","placeholder","false","false","false","false"
"564","Đuôi bò xào sả ớt","placeholder","false","false","false","false"
"565","Đuôi bò xào hành tây","placeholder","false","false","false","false"
"566","Đuôi bò xào cần tỏi","placeholder","false","false","false","false"
"567","Đuôi bò xào rau củ","placeholder","false","false","false","false"
"568","Đuôi bò xào chua ngọt","placeholder","false","false","false","false"
"569","Đuôi bò xào lăn","placeholder","false","false","false","false"
"570","Đuôi bò chiên nước mắm","placeholder","false","false","false","false"
"571","Đuôi bò chiên giòn","placeholder","false","false","false","false"
"572","Đuôi bò rán lá lốt","placeholder","false","false","false","false"
"573","Đuôi bò chiên sả","placeholder","false","false","false","false"
"574","Đuôi bò rán vàng","placeholder","false","false","false","false"
"575","Đuôi bò hấp gừng","placeholder","false","false","false","false"
"576","Đuôi bò hấp sả","placeholder","false","false","false","false"
"577","Đuôi bò hấp hành","placeholder","false","false","false","false"
"578","Đuôi bò luộc gừng","placeholder","false","false","false","false"
"579","Đuôi bò luộc chấm mắm gừng","placeholder","false","false","false","false"
"580","Đuôi bò nướng sả ớt","placeholder","false","false","false","false"
"581","Đuôi bò nướng mật ong","placeholder","false","false","false","false"
"582","Đuôi bò nướng riềng mẻ","placeholder","false","false","false","false"
"583","Đuôi bò nướng muối ớt","placeholder","false","false","false","false"
"584","Đuôi bò nướng lá chanh","placeholder","false","false","false","false"
"585","Bò viên kho tiêu","placeholder","false","false","false","false"
"586","Bò viên kho gừng","placeholder","false","false","false","false"
"587","Bò viên kho nghệ","placeholder","false","false","false","false"
"588","Bò viên kho riềng","placeholder","false","false","false","false"
"589","Bò viên kho nước dừa","placeholder","false","false","false","false"
"590","Bò viên rim mặn ngọt","placeholder","false","false","false","false"
"591","Bò viên rim nước mắm","placeholder","false","false","false","false"
"592","Bò viên xào sả ớt","placeholder","false","false","false","false"
"593","Bò viên xào hành tây","placeholder","false","false","false","false"
"594","Bò viên xào cần tỏi","placeholder","false","false","false","false"
"595","Bò viên xào rau củ","placeholder","false","false","false","false"
"596","Bò viên xào chua ngọt","placeholder","false","false","false","false"
"597","Bò viên xào lăn","placeholder","false","false","false","false"
"598","Bò viên chiên nước mắm","placeholder","false","false","false","false"
"599","Bò viên chiên giòn","placeholder","false","false","false","false"
"600","Bò viên rán lá lốt","placeholder","false","false","false","false"
"601","Bò viên chiên sả","placeholder","false","false","false","false"
"602","Bò viên rán vàng","placeholder","false","false","false","false"
"603","Bò viên hấp gừng","placeholder","false","false","false","false"
"604","Bò viên hấp sả","placeholder","false","false","false","false"
"605","Bò viên hấp hành","placeholder","false","false","false","false"
"606","Bò viên luộc gừng","placeholder","false","false","false","false"
"607","Bò viên luộc chấm mắm gừng","placeholder","false","false","false","false"
"608","Bò viên nướng sả ớt","placeholder","false","false","false","false"
"609","Bò viên nướng mật ong","placeholder","false","false","false","false"
"610","Bò viên nướng riềng mẻ","placeholder","false","false","false","false"
"611","Bò viên nướng muối ớt","placeholder","false","false","false","false"
"612","Bò viên nướng lá chanh","placeholder","false","false","false","false"
"613","Gà ta kho tiêu","placeholder","false","false","false","false"
"614","Gà ta kho gừng","placeholder","false","false","false","false"
"615","Gà ta kho nghệ","placeholder","false","false","false","false"
"616","Gà ta kho riềng","placeholder","false","false","false","false"
"617","Gà ta kho nước dừa","placeholder","false","false","false","false"
"618","Gà ta rim mặn ngọt","placeholder","false","false","false","false"
"619","Gà ta rim nước mắm","placeholder","false","false","false","false"
"620","Gà ta xào sả ớt","placeholder","false","false","false","false"
"621","Gà ta xào hành tây","placeholder","false","false","false","false"
"622","Gà ta xào cần tỏi","placeholder","false","false","false","false"
"623","Gà ta xào rau củ","placeholder","false","false","false","false"
"624","Gà ta xào chua ngọt","placeholder","false","false","false","false"
"625","Gà ta xào lăn","placeholder","false","false","false","false"
"626","Gà ta chiên nước mắm","placeholder","false","false","false","false"
"627","Gà ta chiên giòn","placeholder","false","false","false","false"
"628","Gà ta rán lá lốt","placeholder","false","false","false","false"
"629","Gà ta chiên sả","placeholder","false","false","false","false"
"630","Gà ta rán vàng","placeholder","false","false","false","false"
"631","Gà ta hấp gừng","placeholder","false","false","false","false"
"632","Gà ta hấp sả","placeholder","false","false","false","false"
"633","Gà ta hấp hành","placeholder","false","false","false","false"
"634","Gà ta luộc gừng","placeholder","false","false","false","false"
"635","Gà ta luộc chấm mắm gừng","placeholder","false","false","false","false"
"636","Gà ta nướng sả ớt","placeholder","false","false","false","false"
"637","Gà ta nướng mật ong","placeholder","false","false","false","false"
"638","Gà ta nướng riềng mẻ","placeholder","false","false","false","false"
"639","Gà ta nướng muối ớt","placeholder","false","false","false","false"
"640","Gà ta nướng lá chanh","placeholder","false","false","false","false"
"641","Đùi gà kho tiêu","placeholder","false","false","false","false"
"642","Đùi gà kho gừng","placeholder","false","false","false","false"
"643","Đùi gà kho nghệ","placeholder","false","false","false","false"
"644","Đùi gà kho riềng","placeholder","false","false","false","false"
"645","Đùi gà kho nước dừa","placeholder","false","false","false","false"
"646","Đùi gà rim mặn ngọt","placeholder","false","false","false","false"
"647","Đùi gà rim nước mắm","placeholder","false","false","false","false"
"648","Đùi gà xào sả ớt","placeholder","false","false","false","false"
"649","Đùi gà xào hành tây","placeholder","false","false","false","false"
"650","Đùi gà xào cần tỏi","placeholder","false","false","false","false"
"651","Đùi gà xào rau củ","placeholder","false","false","false","false"
"652","Đùi gà xào chua ngọt","placeholder","false","false","false","false"
"653","Đùi gà xào lăn","placeholder","false","false","false","false"
"654","Đùi gà chiên nước mắm","placeholder","false","false","false","false"
"655","Đùi gà chiên giòn","placeholder","false","false","false","false"
"656","Đùi gà rán lá lốt","placeholder","false","false","false","false"
"657","Đùi gà chiên sả","placeholder","false","false","false","false"
"658","Đùi gà rán vàng","placeholder","false","false","false","false"
"659","Đùi gà hấp gừng","placeholder","false","false","false","false"
"660","Đùi gà hấp sả","placeholder","false","false","false","false"
"661","Đùi gà hấp hành","placeholder","false","false","false","false"
"662","Đùi gà luộc gừng","placeholder","false","false","false","false"
"663","Đùi gà luộc chấm mắm gừng","placeholder","false","false","false","false"
"664","Đùi gà nướng sả ớt","placeholder","false","false","false","false"
"665","Đùi gà nướng mật ong","placeholder","false","false","false","false"
"666","Đùi gà nướng riềng mẻ","placeholder","false","false","false","false"
"667","Đùi gà nướng muối ớt","placeholder","false","false","false","false"
"668","Đùi gà nướng lá chanh","placeholder","false","false","false","false"
"669","Cánh gà kho tiêu","placeholder","false","false","false","false"
"670","Cánh gà kho gừng","placeholder","false","false","false","false"
"671","Cánh gà kho nghệ","placeholder","false","false","false","false"
"672","Cánh gà kho riềng","placeholder","false","false","false","false"
"673","Cánh gà kho nước dừa","placeholder","false","false","false","false"
"674","Cánh gà rim mặn ngọt","placeholder","false","false","false","false"
"675","Cánh gà rim nước mắm","placeholder","false","false","false","false"
"676","Cánh gà xào sả ớt","placeholder","false","false","false","false"
"677","Cánh gà xào hành tây","placeholder","false","false","false","false"
"678","Cánh gà xào cần tỏi","placeholder","false","false","false","false"
"679","Cánh gà xào rau củ","placeholder","false","false","false","false"
"680","Cánh gà xào chua ngọt","placeholder","false","false","false","false"
"681","Cánh gà xào lăn","placeholder","false","false","false","false"
"682","Cánh gà chiên nước mắm","placeholder","false","false","false","false"
"683","Cánh gà chiên giòn","placeholder","false","false","false","false"
"684","Cánh gà rán lá lốt","placeholder","false","false","false","false"
"685","Cánh gà chiên sả","placeholder","false","false","false","false"
"686","Cánh gà rán vàng","placeholder","false","false","false","false"
"687","Cánh gà hấp gừng","placeholder","false","false","false","false"
"688","Cánh gà hấp sả","placeholder","false","false","false","false"
"689","Cánh gà hấp hành","placeholder","false","false","false","false"
"690","Cánh gà luộc gừng","placeholder","false","false","false","false"
"691","Cánh gà luộc chấm mắm gừng","placeholder","false","false","false","false"
"692","Cánh gà nướng sả ớt","placeholder","false","false","false","false"
"693","Cánh gà nướng mật ong","placeholder","false","false","false","false"
"694","Cánh gà nướng riềng mẻ","placeholder","false","false","false","false"
"695","Cánh gà nướng muối ớt","placeholder","false","false","false","false"
"696","Cánh gà nướng lá chanh","placeholder","false","false","false","false"
"697","Lòng gà kho tiêu","placeholder","false","false","false","false"
"698","Lòng gà kho gừng","placeholder","false","false","false","false"
"699","Lòng gà kho nghệ","placeholder","false","false","false","false"
"700","Lòng gà kho riềng","placeholder","false","false","false","false"
"701","Lòng gà kho nước dừa","placeholder","false","false","false","false"
"702","Lòng gà rim mặn ngọt","placeholder","false","false","false","false"
"703","Lòng gà rim nước mắm","placeholder","false","false","false","false"
"704","Lòng gà xào sả ớt","placeholder","false","false","false","false"
"705","Lòng gà xào hành tây","placeholder","false","false","false","false"
"706","Lòng gà xào cần tỏi","placeholder","false","false","false","false"
"707","Lòng gà xào rau củ","placeholder","false","false","false","false"
"708","Lòng gà xào chua ngọt","placeholder","false","false","false","false"
"709","Lòng gà xào lăn","placeholder","false","false","false","false"
"710","Lòng gà chiên nước mắm","placeholder","false","false","false","false"
"711","Lòng gà chiên giòn","placeholder","false","false","false","false"
"712","Lòng gà rán lá lốt","placeholder","false","false","false","false"
"713","Lòng gà chiên sả","placeholder","false","false","false","false"
"714","Lòng gà rán vàng","placeholder","false","false","false","false"
"715","Lòng gà hấp gừng","placeholder","false","false","false","false"
"716","Lòng gà hấp sả","placeholder","false","false","false","false"
"717","Lòng gà hấp hành","placeholder","false","false","false","false"
"718","Lòng gà luộc gừng","placeholder","false","false","false","false"
"719","Lòng gà luộc chấm mắm gừng","placeholder","false","false","false","false"
"720","Lòng gà nướng sả ớt","placeholder","false","false","false","false"
"721","Lòng gà nướng mật ong","placeholder","false","false","false","false"
"722","Lòng gà nướng riềng mẻ","placeholder","false","false","false","false"
"723","Lòng gà nướng muối ớt","placeholder","false","false","false","false"
"724","Lòng gà nướng lá chanh","placeholder","false","false","false","false"
"725","Vịt kho tiêu","placeholder","false","false","false","false"
"726","Vịt kho gừng","placeholder","false","false","false","false"
"727","Vịt kho nghệ","placeholder","false","false","false","false"
"728","Vịt kho riềng","placeholder","false","false","false","false"
"729","Vịt kho nước dừa","placeholder","false","false","false","false"
"730","Vịt rim mặn ngọt","placeholder","false","false","false","false"
"731","Vịt rim nước mắm","placeholder","false","false","false","false"
"732","Vịt xào sả ớt","placeholder","false","false","false","false"
"733","Vịt xào hành tây","placeholder","false","false","false","false"
"734","Vịt xào cần tỏi","placeholder","false","false","false","false"
"735","Vịt xào rau củ","placeholder","false","false","false","false"
"736","Vịt xào chua ngọt","placeholder","false","false","false","false"
"737","Vịt xào lăn","placeholder","false","false","false","false"
"738","Vịt chiên nước mắm","placeholder","false","false","false","false"
"739","Vịt chiên giòn","placeholder","false","false","false","false"
"740","Vịt rán lá lốt","placeholder","false","false","false","false"
"741","Vịt chiên sả","placeholder","false","false","false","false"
"742","Vịt rán vàng","placeholder","false","false","false","false"
"743","Vịt hấp gừng","placeholder","false","false","false","false"
"744","Vịt hấp sả","placeholder","false","false","false","false"
"745","Vịt hấp hành","placeholder","false","false","false","false"
"746","Vịt luộc gừng","placeholder","false","false","false","false"
"747","Vịt luộc chấm mắm gừng","placeholder","false","false","false","false"
"748","Vịt nướng sả ớt","placeholder","false","false","false","false"
"749","Vịt nướng mật ong","placeholder","false","false","false","false"
"750","Vịt nướng riềng mẻ","placeholder","false","false","false","false"
"751","Vịt nướng muối ớt","placeholder","false","false","false","false"
"752","Vịt nướng lá chanh","placeholder","false","false","false","false"
"753","Ngan kho tiêu","placeholder","false","false","false","false"
"754","Ngan kho gừng","placeholder","false","false","false","false"
"755","Ngan kho nghệ","placeholder","false","false","false","false"
"756","Ngan kho riềng","placeholder","false","false","false","false"
"757","Ngan kho nước dừa","placeholder","false","false","false","false"
"758","Ngan rim mặn ngọt","placeholder","false","false","false","false"
"759","Ngan rim nước mắm","placeholder","false","false","false","false"
"760","Ngan xào sả ớt","placeholder","false","false","false","false"
"761","Ngan xào hành tây","placeholder","false","false","false","false"
"762","Ngan xào cần tỏi","placeholder","false","false","false","false"
"763","Ngan xào rau củ","placeholder","false","false","false","false"
"764","Ngan xào chua ngọt","placeholder","false","false","false","false"
"765","Ngan xào lăn","placeholder","false","false","false","false"
"766","Ngan chiên nước mắm","placeholder","false","false","false","false"
"767","Ngan chiên giòn","placeholder","false","false","false","false"
"768","Ngan rán lá lốt","placeholder","false","false","false","false"
"769","Ngan chiên sả","placeholder","false","false","false","false"
"770","Ngan rán vàng","placeholder","false","false","false","false"
"771","Ngan hấp gừng","placeholder","false","false","false","false"
"772","Ngan hấp sả","placeholder","false","false","false","false"
"773","Ngan hấp hành","placeholder","false","false","false","false"
"774","Ngan luộc gừng","placeholder","false","false","false","false"
"775","Ngan luộc chấm mắm gừng","placeholder","false","false","false","false"
"776","Ngan nướng sả ớt","placeholder","false","false","false","false"
"777","Ngan nướng mật ong","placeholder","false","false","false","false"
"778","Ngan nướng riềng mẻ","placeholder","false","false","false","false"
"779","Ngan nướng muối ớt","placeholder","false","false","false","false"
"780","Ngan nướng lá chanh","placeholder","false","false","false","false"
"781","Cá lóc kho tiêu","placeholder","false","false","false","false"
"782","Cá lóc kho gừng","placeholder","false","false","false","false"
"783","Cá lóc kho nghệ","placeholder","false","false","false","false"
"784","Cá lóc kho riềng","placeholder","false","false","false","false"
"785","Cá lóc kho nước dừa","placeholder","false","false","false","false"
"786","Cá lóc rim mặn ngọt","placeholder","false","false","false","false"
"787","Cá lóc rim nước mắm","placeholder","false","false","false","false"
"788","Cá lóc xào sả ớt","placeholder","false","false","false","false"
"789","Cá lóc xào hành tây","placeholder","false","false","false","false"
"790","Cá lóc xào cần tỏi","placeholder","false","false","false","false"
"791","Cá lóc xào rau củ","placeholder","false","false","false","false"
"792","Cá lóc xào chua ngọt","placeholder","false","false","false","false"
"793","Cá lóc xào lăn","placeholder","false","false","false","false"
"794","Cá lóc chiên nước mắm","placeholder","false","false","false","false"
"795","Cá lóc chiên giòn","placeholder","false","false","false","false"
"796","Cá lóc rán lá lốt","placeholder","false","false","false","false"
"797","Cá lóc chiên sả","placeholder","false","false","false","false"
"798","Cá lóc rán vàng","placeholder","false","false","false","false"
"799","Cá lóc hấp gừng","placeholder","false","false","false","false"
"800","Cá lóc hấp sả","placeholder","false","false","false","false"
"801","Cá lóc hấp hành","placeholder","false","false","false","false"
"802","Cá lóc luộc gừng","placeholder","false","false","false","false"
"803","Cá lóc luộc chấm mắm gừng","placeholder","false","false","false","false"
"804","Cá lóc nướng sả ớt","placeholder","false","false","false","false"
"805","Cá lóc nướng mật ong","placeholder","false","false","false","false"
"806","Cá lóc nướng riềng mẻ","placeholder","false","false","false","false"
"807","Cá lóc nướng muối ớt","placeholder","false","false","false","false"
"808","Cá lóc nướng lá chanh","placeholder","false","false","false","false"
"809","Cá rô phi kho tiêu","placeholder","false","false","false","false"
"810","Cá rô phi kho gừng","placeholder","false","false","false","false"
"811","Cá rô phi kho nghệ","placeholder","false","false","false","false"
"812","Cá rô phi kho riềng","placeholder","false","false","false","false"
"813","Cá rô phi kho nước dừa","placeholder","false","false","false","false"
"814","Cá rô phi rim mặn ngọt","placeholder","false","false","false","false"
"815","Cá rô phi rim nước mắm","placeholder","false","false","false","false"
"816","Cá rô phi xào sả ớt","placeholder","false","false","false","false"
"817","Cá rô phi xào hành tây","placeholder","false","false","false","false"
"818","Cá rô phi xào cần tỏi","placeholder","false","false","false","false"
"819","Cá rô phi xào rau củ","placeholder","false","false","false","false"
"820","Cá rô phi xào chua ngọt","placeholder","false","false","false","false"
"821","Cá rô phi xào lăn","placeholder","false","false","false","false"
"822","Cá rô phi chiên nước mắm","placeholder","false","false","false","false"
"823","Cá rô phi chiên giòn","placeholder","false","false","false","false"
"824","Cá rô phi rán lá lốt","placeholder","false","false","false","false"
"825","Cá rô phi chiên sả","placeholder","false","false","false","false"
"826","Cá rô phi rán vàng","placeholder","false","false","false","false"
"827","Cá rô phi hấp gừng","placeholder","false","false","false","false"
"828","Cá rô phi hấp sả","placeholder","false","false","false","false"
"829","Cá rô phi hấp hành","placeholder","false","false","false","false"
"830","Cá rô phi luộc gừng","placeholder","false","false","false","false"
"831","Cá rô phi luộc chấm mắm gừng","placeholder","false","false","false","false"
"832","Cá rô phi nướng sả ớt","placeholder","false","false","false","false"
"833","Cá rô phi nướng mật ong","placeholder","false","false","false","false"
"834","Cá rô phi nướng riềng mẻ","placeholder","false","false","false","false"
"835","Cá rô phi nướng muối ớt","placeholder","false","false","false","false"
"836","Cá rô phi nướng lá chanh","placeholder","false","false","false","false"
"837","Cá thu kho tiêu","placeholder","false","false","false","false"
"838","Cá thu kho gừng","placeholder","false","false","false","false"
"839","Cá thu kho nghệ","placeholder","false","false","false","false"
"840","Cá thu kho riềng","placeholder","false","false","false","false"
"841","Cá thu kho nước dừa","placeholder","false","false","false","false"
"842","Cá thu rim mặn ngọt","placeholder","false","false","false","false"
"843","Cá thu rim nước mắm","placeholder","false","false","false","false"
"844","Cá thu xào sả ớt","placeholder","false","false","false","false"
"845","Cá thu xào hành tây","placeholder","false","false","false","false"
"846","Cá thu xào cần tỏi","placeholder","false","false","false","false"
"847","Cá thu xào rau củ","placeholder","false","false","false","false"
"848","Cá thu xào chua ngọt","placeholder","false","false","false","false"
"849","Cá thu xào lăn","placeholder","false","false","false","false"
"850","Cá thu chiên nước mắm","placeholder","false","false","false","false"
"851","Cá thu chiên giòn","placeholder","false","false","false","false"
"852","Cá thu rán lá lốt","placeholder","false","false","false","false"
"853","Cá thu chiên sả","placeholder","false","false","false","false"
"854","Cá thu rán vàng","placeholder","false","false","false","false"
"855","Cá thu hấp gừng","placeholder","false","false","false","false"
"856","Cá thu hấp sả","placeholder","false","false","false","false"
"857","Cá thu hấp hành","placeholder","false","false","false","false"
"858","Cá thu luộc gừng","placeholder","false","false","false","false"
"859","Cá thu luộc chấm mắm gừng","placeholder","false","false","false","false"
"860","Cá thu nướng sả ớt","placeholder","false","false","false","false"
"861","Cá thu nướng mật ong","placeholder","false","false","false","false"
"862","Cá thu nướng riềng mẻ","placeholder","false","false","false","false"
"863","Cá thu nướng muối ớt","placeholder","false","false","false","false"
"864","Cá thu nướng lá chanh","placeholder","false","false","false","false"
"865","Cá nục kho tiêu","placeholder","false","false","false","false"
"866","Cá nục kho gừng","placeholder","false","false","false","false"
"867","Cá nục kho nghệ","placeholder","false","false","false","false"
"868","Cá nục kho riềng","placeholder","false","false","false","false"
"869","Cá nục kho nước dừa","placeholder","false","false","false","false"
"870","Cá nục rim mặn ngọt","placeholder","false","false","false","false"
"871","Cá nục rim nước mắm","placeholder","false","false","false","false"
"872","Cá nục xào sả ớt","placeholder","false","false","false","false"
"873","Cá nục xào hành tây","placeholder","false","false","false","false"
"874","Cá nục xào cần tỏi","placeholder","false","false","false","false"
"875","Cá nục xào rau củ","placeholder","false","false","false","false"
"876","Rau muống xào tỏi","placeholder","false","false","false","false"
"877","Rau muống xào bò","placeholder","false","false","false","false"
"878","Rau muống xào thịt bằm","placeholder","false","false","false","false"
"879","Rau muống luộc chấm kho quẹt","placeholder","false","false","false","false"
"880","Rau muống luộc chấm mắm","placeholder","false","false","false","false"
"881","Rau muống hấp","placeholder","false","false","false","false"
"882","Rau muống xào trứng","placeholder","false","false","false","false"
"883","Cải ngọt xào tỏi","placeholder","false","false","false","false"
"884","Cải ngọt xào bò","placeholder","false","false","false","false"
"885","Cải ngọt xào thịt bằm","placeholder","false","false","false","false"
"886","Cải ngọt luộc chấm kho quẹt","placeholder","false","false","false","false"
"887","Cải ngọt luộc chấm mắm","placeholder","false","false","false","false"
"888","Cải ngọt hấp","placeholder","false","false","false","false"
"889","Cải ngọt xào trứng","placeholder","false","false","false","false"
"890","Cải thìa xào tỏi","placeholder","false","false","false","false"
"891","Cải thìa xào bò","placeholder","false","false","false","false"
"892","Cải thìa xào thịt bằm","placeholder","false","false","false","false"
"893","Cải thìa luộc chấm kho quẹt","placeholder","false","false","false","false"
"894","Cải thìa luộc chấm mắm","placeholder","false","false","false","false"
"895","Cải thìa hấp","placeholder","false","false","false","false"
"896","Cải thìa xào trứng","placeholder","false","false","false","false"
"897","Cải xanh xào tỏi","placeholder","false","false","false","false"
"898","Cải xanh xào bò","placeholder","false","false","false","false"
"899","Cải xanh xào thịt bằm","placeholder","false","false","false","false"
"900","Cải xanh luộc chấm kho quẹt","placeholder","false","false","false","false"
"901","Cải xanh luộc chấm mắm","placeholder","false","false","false","false"
"902","Cải xanh hấp","placeholder","false","false","false","false"
"903","Cải xanh xào trứng","placeholder","false","false","false","false"
"904","Bông cải xào tỏi","placeholder","false","false","false","false"
"905","Bông cải xào bò","placeholder","false","false","false","false"
"906","Bông cải xào thịt bằm","placeholder","false","false","false","false"
"907","Bông cải luộc chấm kho quẹt","placeholder","false","false","false","false"
"908","Bông cải luộc chấm mắm","placeholder","false","false","false","false"
"909","Bông cải hấp","placeholder","false","false","false","false"
"910","Bông cải xào trứng","placeholder","false","false","false","false"
"911","Su su xào tỏi","placeholder","false","false","false","false"
"912","Su su xào bò","placeholder","false","false","false","false"
"913","Su su xào thịt bằm","placeholder","false","false","false","false"
"914","Su su luộc chấm kho quẹt","placeholder","false","false","false","false"
"915","Su su luộc chấm mắm","placeholder","false","false","false","false"
"916","Su su hấp","placeholder","false","false","false","false"
"917","Su su xào trứng","placeholder","false","false","false","false"
"918","Mướp xào tỏi","placeholder","false","false","false","false"
"919","Mướp xào bò","placeholder","false","false","false","false"
"920","Mướp xào thịt bằm","placeholder","false","false","false","false"
"921","Mướp luộc chấm kho quẹt","placeholder","false","false","false","false"
"922","Mướp luộc chấm mắm","placeholder","false","false","false","false"
"923","Mướp hấp","placeholder","false","false","false","false"
"924","Mướp xào trứng","placeholder","false","false","false","false"
"925","Bí xanh xào tỏi","placeholder","false","false","false","false"
"926","Bí xanh xào bò","placeholder","false","false","false","false"
"927","Bí xanh xào thịt bằm","placeholder","false","false","false","false"
"928","Bí xanh luộc chấm kho quẹt","placeholder","false","false","false","false"
"929","Bí xanh luộc chấm mắm","placeholder","false","false","false","false"
"930","Bí xanh hấp","placeholder","false","false","false","false"
"931","Bí xanh xào trứng","placeholder","false","false","false","false"
"932","Bí đỏ xào tỏi","placeholder","false","false","false","false"
"933","Bí đỏ xào bò","placeholder","false","false","false","false"
"934","Bí đỏ xào thịt bằm","placeholder","false","false","false","false"
"935","Bí đỏ luộc chấm kho quẹt","placeholder","false","false","false","false"
"936","Bí đỏ luộc chấm mắm","placeholder","false","false","false","false"
"937","Bí đỏ hấp","placeholder","false","false","false","false"
"938","Bí đỏ xào trứng","placeholder","false","false","false","false"
"939","Đậu cô ve xào tỏi","placeholder","false","false","false","false"
"940","Đậu cô ve xào bò","placeholder","false","false","false","false"
"941","Đậu cô ve xào thịt bằm","placeholder","false","false","false","false"
"942","Đậu cô ve luộc chấm kho quẹt","placeholder","false","false","false","false"
"943","Đậu cô ve luộc chấm mắm","placeholder","false","false","false","false"
"944","Đậu cô ve hấp","placeholder","false","false","false","false"
"945","Đậu cô ve xào trứng","placeholder","false","false","false","false"
"946","Nộm hoa chuối tai heo","placeholder","false","true","false","false"
"947","Nộm đu đủ bò khô","placeholder","false","true","false","false"
"948","Nộm gà xé phay","placeholder","false","true","false","false"
"949","Nộm sứa","placeholder","false","true","false","false"
"950","Nộm rau muống","placeholder","false","true","false","false"
"951","Gỏi xoài tôm khô","placeholder","false","true","false","false"
"952","Gỏi xoài cá khô","placeholder","false","true","false","false"
"953","Gỏi ngó sen tôm thịt","placeholder","false","true","false","false"
"954","Gỏi bắp cải gà","placeholder","false","true","false","false"
"955","Gỏi bưởi tôm","placeholder","false","true","false","false"
"956","Gỏi củ hũ dừa","placeholder","false","true","false","false"
"957","Gỏi bò rau thơm","placeholder","false","true","false","false"
"958","Gỏi gà măng cụt","placeholder","false","true","false","false"
"959","Gỏi cá trích","placeholder","false","true","false","false"
"960","Lẩu gà lá é","placeholder","false","true","false","false"
"961","Lẩu gà ớt hiểm","placeholder","false","true","false","false"
"962","Lẩu gà nấm","placeholder","false","true","false","false"
"963","Lẩu vịt om sấu","placeholder","false","true","false","false"
"964","Lẩu bò nhúng giấm","placeholder","false","true","false","false"
"965","Lẩu bò sa tế","placeholder","false","true","false","false"
"966","Lẩu riêu cua bắp bò","placeholder","false","true","false","false"
"967","Lẩu cá lăng","placeholder","false","true","false","false"
"968","Lẩu cá kèo","placeholder","false","true","false","false"
"969","Lẩu cá chép om dưa","placeholder","false","true","false","false"
"970","Lẩu hải sản chua cay","placeholder","false","true","false","false"
"971","Lẩu cua đồng","placeholder","false","true","false","false"
"972","Lẩu ếch măng cay","placeholder","false","true","false","false"
"973","Lẩu dê","placeholder","false","true","false","false"
"974","Ốc hấp sả","placeholder","false","true","false","false"
"975","Ốc xào me","placeholder","false","true","false","false"
"976","Ốc xào dừa","placeholder","false","true","false","false"
"977","Ốc len xào dừa","placeholder","false","true","false","false"
"978","Ngao hấp sả","placeholder","false","true","false","false"
"979","Ngao xào bơ tỏi","placeholder","false","true","false","false"
"980","Mực hấp gừng","placeholder","false","true","false","false"
"981","Mực nướng sa tế","placeholder","false","true","false","false"
"982","Tôm hấp bia","placeholder","false","true","false","false"
"983","Tôm rang muối","placeholder","false","true","false","false"
"984","Tôm nướng muối ớt","placeholder","false","true","false","false"
"985","Cua rang me","placeholder","false","true","false","false"
"986","Ghẹ hấp sả","placeholder","false","true","false","false"
"987","Sò huyết rang me","placeholder","false","true","false","false"
"988","Sò điệp nướng mỡ hành","placeholder","false","true","false","false"
"989","Hàu nướng mỡ hành","placeholder","false","true","false","false"
"990","Hàu nướng phô mai kiểu Việt","placeholder","false","true","false","false"
"991","Cá nướng giấy bạc","placeholder","false","true","false","false"
"992","Cá hấp xì dầu kiểu Việt","placeholder","false","true","false","false"
"993","Cá om dưa","placeholder","false","true","false","false"
"994","Cá basa kho tiêu","placeholder","false","false","false","false"
"995","Cá basa kho nghệ","placeholder","false","false","false","false"
"996","Cá basa rim nước mắm","placeholder","false","false","false","false"
"997","Cá basa xào sả ớt","placeholder","false","false","false","false"
"998","Cá basa xào lăn","placeholder","false","false","false","false"
"999","Cá basa nướng muối ớt","placeholder","false","false","false","false"
"1000","Cá basa hấp sả","placeholder","false","false","false","false"